ManuelIII10001,2025-07-08 08:15:57,failed,Wrong credentials
ManuelIII10001,2025-07-08 08:15:57,failed,Wrong credentials
ManuelIII10001,2025-07-08 08:16:46,failed,Wrong credentials
ManuelIII10001,2025-07-08 08:16:46,failed,Wrong credentials
ManuelIII10001,2025-07-08 08:17:21,failed,Wrong credentials
ManuelIII10001,2025-07-08 08:17:21,failed,Wrong credentials
ManuelIII10001,2025-07-08 08:17:22,failed,Account locked due to 3 failed attempts
ManuelIII10001,2025-07-08 09:15:00,failed,Wrong credentials
ManuelIII10001,2025-07-08 09:15:00,failed,Wrong credentials
ManuelIII10001,2025-07-08 09:15:11,failed,Wrong credentials
ManuelIII10001,2025-07-08 09:15:11,failed,Wrong credentials
ManuelIII10001,2025-07-08 09:15:45,failed,Wrong credentials
ManuelIII10001,2025-07-08 09:15:45,failed,Wrong credentials
ManuelIII10001,2025-07-08 09:15:45,failed,Account locked due to 3 failed attempts
ManuelIII10001,2025-07-08 09:18:28,failed,Account locked due to 3 failed attempts
ManuelIII10001,2025-07-08 09:22:25,failed,Account locked due to 3 failed attempts
ManuelIII10001,2025-07-08 09:29:31,failed,Account locked due to 3 failed attempts
ManuelIII10001,2025-07-08 09:47:03,failed,Wrong credentials
ManuelIII10001,2025-07-08 09:47:03,failed,Wrong credentials
ManuelIII10001,2025-07-08 09:47:13,failed,Wrong credentials
ManuelIII10001,2025-07-08 09:47:13,failed,Wrong credentials
ManuelIII10001,2025-07-08 09:47:24,failed,Wrong credentials
ManuelIII10001,2025-07-08 09:47:24,failed,Wrong credentials
ManuelIII10001,2025-07-08 09:47:25,failed,Account locked due to 3 failed attempts
ManuelIII10001,2025-07-08 09:48:53,failed,Wrong credentials
ManuelIII10001,2025-07-08 09:48:53,failed,Wrong credentials
ManuelIII10001,2025-07-08 09:48:55,failed,Account locked due to 3 failed attempts
ManuelIII10001,2025-07-08 09:56:26,failed,Wrong credentials
ManuelIII10001,2025-07-08 09:56:26,failed,Wrong credentials
ManuelIII10001,2025-07-08 09:56:27,failed,Account locked due to 3 failed attempts
ManuelIII10001,2025-07-08 09:57:07,failed,Wrong credentials
ManuelIII10001,2025-07-08 09:57:07,failed,Wrong credentials
ManuelIII10001,2025-07-08 09:57:08,failed,Account locked due to 3 failed attempts
ManuelIII10001,2025-07-08 09:59:18,failed,Wrong credentials
ManuelIII10001,2025-07-08 09:59:18,failed,Wrong credentials
ManuelIII10001,2025-07-08 09:59:19,failed,Account locked due to 3 failed attempts
ManuelIII10001,2025-07-14 10:44:00,failed,Wrong credentials
ManuelIII10001,2025-07-14 10:44:00,failed,Wrong credentials
ManuelIII10001,2025-07-14 10:54:18,failed,Wrong credentials
ManuelIII10001,2025-07-14 10:54:18,failed,Wrong credentials
ManuelIII10001,2025-07-14 10:55:58,failed,Wrong credentials
ManuelIII10001,2025-07-14 10:55:58,failed,Wrong credentials
ManuelIII10001,2025-07-14 10:55:59,failed,Account locked due to 3 failed attempts
Roderick10010,2025-07-14 12:02:50,failed,Wrong credentials
Roderick10010,2025-07-14 12:02:50,failed,Wrong credentials
ManuelIII10001 ,2025-07-14 15:32:36,failed,Wrong credentials
ManuelIII10001 ,2025-07-14 15:32:36,failed,Wrong credentials
ManuelIII10001 ,2025-07-14 15:33:15,failed,Wrong credentials
ManuelIII10001 ,2025-07-14 15:33:15,failed,Wrong credentials
