ManuelIII10001,2025-07-08 08:14:30,success,Login successful
ManuelIII10001,2025-07-08 08:15:57,failed,Wrong credentials
ManuelIII10001,2025-07-08 08:15:57,failed,Wrong credentials
ManuelIII10001,2025-07-08 08:16:46,failed,Wrong credentials
ManuelIII10001,2025-07-08 08:16:46,failed,Wrong credentials
ManuelIII10001,2025-07-08 08:17:21,failed,Wrong credentials
ManuelIII10001,2025-07-08 08:17:21,failed,Wrong credentials
ManuelIII10001,2025-07-08 08:17:22,failed,Account locked due to 3 failed attempts
ManuelIII10001,2025-07-08 08:31:27,success,Login successful
ManuelIII10001,2025-07-08 08:32:20,success,Login successful
ManuelIII10001,2025-07-08 08:43:53,success,Login successful
ManuelIII10001,2025-07-08 08:49:44,success,Login successful
ManuelIII10001,2025-07-08 09:09:25,success,Login successful
ManuelIII10001,2025-07-08 09:15:00,failed,Wrong credentials
ManuelIII10001,2025-07-08 09:15:00,failed,Wrong credentials
ManuelIII10001,2025-07-08 09:15:11,failed,Wrong credentials
ManuelIII10001,2025-07-08 09:15:11,failed,Wrong credentials
ManuelIII10001,2025-07-08 09:15:45,failed,Wrong credentials
ManuelIII10001,2025-07-08 09:15:45,failed,Wrong credentials
ManuelIII10001,2025-07-08 09:15:45,failed,Account locked due to 3 failed attempts
ManuelIII10001,2025-07-08 09:18:28,success,Login successful
ManuelIII10001,2025-07-08 09:18:28,failed,Account locked due to 3 failed attempts
ManuelIII10001,2025-07-08 09:22:24,success,Login successful
ManuelIII10001,2025-07-08 09:22:25,failed,Account locked due to 3 failed attempts
ManuelIII10001,2025-07-08 09:29:30,success,Login successful
ManuelIII10001,2025-07-08 09:29:31,failed,Account locked due to 3 failed attempts
ManuelIII10001,2025-07-08 09:43:55,success,Login successful
ManuelIII10001,2025-07-08 09:47:03,failed,Wrong credentials
ManuelIII10001,2025-07-08 09:47:03,failed,Wrong credentials
ManuelIII10001,2025-07-08 09:47:13,failed,Wrong credentials
ManuelIII10001,2025-07-08 09:47:13,failed,Wrong credentials
ManuelIII10001,2025-07-08 09:47:24,failed,Wrong credentials
ManuelIII10001,2025-07-08 09:47:24,failed,Wrong credentials
ManuelIII10001,2025-07-08 09:47:25,failed,Account locked due to 3 failed attempts
ManuelIII10001,2025-07-08 09:48:53,failed,Wrong credentials
ManuelIII10001,2025-07-08 09:48:53,failed,Wrong credentials
ManuelIII10001,2025-07-08 09:48:55,failed,Account locked due to 3 failed attempts
ManuelIII10001,2025-07-08 09:56:26,failed,Wrong credentials
ManuelIII10001,2025-07-08 09:56:26,failed,Wrong credentials
ManuelIII10001,2025-07-08 09:56:27,failed,Account locked due to 3 failed attempts
ManuelIII10001,2025-07-08 09:57:07,failed,Wrong credentials
ManuelIII10001,2025-07-08 09:57:07,failed,Wrong credentials
ManuelIII10001,2025-07-08 09:57:08,failed,Account locked due to 3 failed attempts
ManuelIII10001,2025-07-08 09:59:18,failed,Wrong credentials
ManuelIII10001,2025-07-08 09:59:18,failed,Wrong credentials
ManuelIII10001,2025-07-08 09:59:19,failed,Account locked due to 3 failed attempts
ManuelIII10001,2025-07-14 10:00:19,success,Login successful
ManuelIII10001,2025-07-14 10:18:41,success,Login successful
ManuelIII10001,2025-07-14 10:25:56,success,Login successful
ManuelIII10001,2025-07-14 10:44:00,failed,Wrong credentials
ManuelIII10001,2025-07-14 10:44:00,failed,Wrong credentials
ManuelIII10001,2025-07-14 10:44:24,success,Login successful
Rosie10009,2025-07-14 10:46:00,success,Login successful
ManuelIII10001,2025-07-14 10:54:18,failed,Wrong credentials
ManuelIII10001,2025-07-14 10:54:18,failed,Wrong credentials
ManuelIII10001,2025-07-14 10:55:58,failed,Wrong credentials
ManuelIII10001,2025-07-14 10:55:58,failed,Wrong credentials
ManuelIII10001,2025-07-14 10:55:59,failed,Account locked due to 3 failed attempts
ManuelIII10001,2025-07-14 11:23:56,success,Login successful
Brad10007,2025-07-14 11:53:36,success,Login successful
Eduard10005,2025-07-14 11:56:18,success,Login successful
Anthony10011,2025-07-14 12:00:13,success,Login successful
Roderick10010,2025-07-14 12:02:50,failed,Wrong credentials
Roderick10010,2025-07-14 12:02:50,failed,Wrong credentials
Roderick10010,2025-07-14 12:03:59,success,Login successful
Cydney10019,2025-07-14 12:16:07,success,Login successful
ManuelIII10001,2025-07-14 14:06:07,success,Login successful
ManuelIII10001,2025-07-14 15:06:28,success,Login successful
ManuelIII10001 ,2025-07-14 15:32:36,failed,Wrong credentials
ManuelIII10001 ,2025-07-14 15:32:36,failed,Wrong credentials
ManuelIII10001 ,2025-07-14 15:33:15,failed,Wrong credentials
ManuelIII10001 ,2025-07-14 15:33:15,failed,Wrong credentials
ManuelIII10001,2025-07-14 15:34:49,success,Login successful
ManuelIII10001,2025-07-14 16:02:39,success,Login successful
ManuelIII10001,2025-07-14 16:13:55,success,Login successful
Brad10007,2025-07-14 16:14:56,success,Login successful
Brad10007,2025-07-14 16:26:18,success,Login successful
Brad10007,2025-07-14 16:43:14,success,Login successful
Brad10007,2025-07-14 16:43:51,success,Login successful
Brad10007,2025-07-14 17:05:28,success,Login successful
Brad10007,2025-07-14 17:16:51,success,Login successful
Brad10007,2025-07-15 13:13:50,success,Login successful
Brad10007,2025-07-15 13:50:16,success,Login successful
Brad10007,2025-07-15 13:55:26,success,Login successful
Brad10007,2025-07-15 14:16:26,success,Login successful
Brad10007,2025-07-15 14:18:05,success,Login successful
Brad10007,2025-07-15 14:58:01,success,Login successful
Brad10007,2025-07-15 14:59:18,success,Login successful
Brad10007,2025-07-15 15:06:10,success,Login successful
Brad10007,2025-07-15 15:07:48,success,Login successful
Brad10007,2025-07-15 15:17:17,success,Login successful
Brad10007,2025-07-15 15:24:58,success,Login successful
Brad10007,2025-07-15 15:32:54,success,Login successful
Brad10007,2025-07-15 15:41:46,success,Login successful
Brad10007,2025-07-15 16:18:47,success,Login successful
